date,accursed_share,structural_cost,total_entropy,bataille_ratio,D_scalar,neff
2015-01-01,0.0,0.004146907150014064,0.004146907150014064,0.0,0.0005945146549493074,6246.21728515625
2015-01-15,0.0004887659393390746,0.00407672530988691,0.004565491249225985,0.11989179799888292,0.0005758432671427727,7085.86865234375
2015-01-29,0.0027394170924760937,0.004155264403764096,0.006894681496240189,0.6592641912433157,0.0005579758435487747,8008.20947265625
2015-02-12,0.003118574372795857,0.004317852345198929,0.007436426717994786,0.7222512608700737,0.0005410891608335078,8983.126953125
2015-02-26,0.006768092215189192,0.004285930883016286,0.011054023098205478,1.5791416712048987,0.0005253072595223784,9964.9404296875
2015-03-12,0.010920456988276867,0.004126612254819815,0.015047069243096681,2.646349123518218,0.0005106955650262535,10897.943359375
2015-03-26,0.014310666909671121,0.003967041936511046,0.018277708846182166,3.607389782604154,0.0004972476162947714,11728.013671875
2015-04-09,0.0047322803343815955,0.0038823911870055415,0.008614671521387137,1.2189086530820974,0.0004848974058404565,12416.62109375
2015-04-23,0.006000263905758825,0.0038102090260553013,0.009810472931814126,1.574785978209779,0.000473530002636835,12951.3701171875
2015-05-07,0.0020427906882035654,0.003732159030233622,0.005774949718437188,0.5473482284437569,0.00046301426482386887,13346.0673828125
2015-05-21,0.0063251191697955705,0.0036542554662847507,0.009979374636080321,1.7308913005847215,0.000453221146017313,13630.7138671875
2015-06-04,0.015495768435250962,0.0035817054141292046,0.019077473849380168,4.326365853955009,0.00044402695493772626,13839.0556640625
2015-06-18,0.015619133980573562,0.0035053900130429987,0.01912452399361656,4.455747713345014,0.0004352955147624016,14001.8544921875
2015-07-02,0.015565462980028031,0.003548332353293899,0.01911379533332193,4.386698029261235,0.0004268873017281294,14144.232421875
2015-07-16,0.013658908528873366,0.003506346099627315,0.01716525462850068,3.8954820064046025,0.00041871346184052527,14284.263671875
2015-07-30,0.016985596089517115,0.003518943390166263,0.02050453947968338,4.8269022043075145,0.0004108211142010987,14429.1982421875
2015-08-13,0.023713099959029902,0.0035632212419154192,0.027276321200945322,6.654961250956939,0.0004034489975310862,14570.3955078125
2015-08-27,0.025938616772028085,0.003570759282745196,0.02950937605477328,7.264173804981087,0.0003970111138187349,14683.3212890625
2015-09-10,0.020259660129192846,0.0035585401176829977,0.023818200246875844,5.693250290812821,0.00039197286241687834,14737.9931640625
2015-09-24,0.01973230530050359,0.003588330362829402,0.023320635663332992,5.4990212035668105,0.0003886794438585639,14716.8974609375
2015-10-08,0.018207206526343472,0.003635798275565201,0.021843004801908674,5.007760234645322,0.0003872362431138754,14629.5107421875
2015-10-22,0.014915783096200591,0.0037233720264266846,0.018639155122627274,4.005987741685988,0.0003875317343045026,14507.7470703125
2015-11-05,0.003018301408493837,0.003712488570447458,0.006730789978941295,0.8130129614995022,0.00038937097997404635,14386.166015625
2015-11-19,0.00475543179849648,0.0037676123130859183,0.008523044111582398,1.262187103423803,0.0003925927449017763,14283.734375
2015-12-03,0.003988897433620447,0.003812611629737768,0.007801509063358214,1.046237518105418,0.0003970811958424747,14198.6630859375
2015-12-17,0.008237614541972901,0.0038006554721178023,0.012038270014090705,2.1674193795421286,0.0004026793467346579,14117.3515625
2015-12-31,0.0047957392355074055,0.003910172862647117,0.008705912098154522,1.2264775193629227,0.00040908134542405605,14026.2548828125
2016-01-14,0.01467277219963842,0.003930804529900262,0.018603576729538683,3.732765573752445,0.0004157763905823231,13921.1337890625
2016-01-28,0.04487112781140318,0.0038729660773167193,0.0487440938887199,11.585726742000865,0.000422074634116143,13809.9345703125
2016-02-11,0.03164825298465918,0.003871437061578064,0.03551969004623724,8.174807355457324,0.00042721093632280827,13709.7197265625
2016-02-25,0.031583592942198556,0.00391591639440856,0.035499509336607116,8.065440871197328,0.0004305069742258638,13640.1376953125
2016-03-10,0.06756376518864227,0.0037686908861468507,0.07133245607478912,17.927647938500836,0.00043153559090569615,13615.6640625
2016-03-24,0.03695124614949226,0.003654080612491769,0.04060532676198403,10.11232346980499,0.0004302331944927573,13641.671875
2016-04-07,0.018776860174014025,0.0035588373254193083,0.022335697499433333,5.276121926755815,0.0004269214114174247,13711.5439453125
2016-04-21,0.007106363611248463,0.003516560353271279,0.010622923964519743,2.0208279384583796,0.0004221976560074836,13808.888671875
2016-05-05,0.004066433528596374,0.0034585292396581975,0.007524962768254571,1.1757695625037707,0.0004167493025306612,13912.341796875
2016-05-19,0.006224580649267138,0.0033448595116106023,0.00956944016087774,1.8609392835682883,0.00041114777559414506,14003.375
2016-06-02,0.01034373792641183,0.003326054253936126,0.013669792180347955,3.109912474572408,0.000405726779717952,14072.7001953125
2016-06-16,0.010148533833900228,0.0032747679550238435,0.01342330178892407,3.0990084376605833,0.00040058555896393955,14122.59375
2016-06-30,0.013855790637286257,0.003279675731181359,0.017135466368467616,4.224743953519125,0.0003957060107495636,14162.61328125
2016-07-14,0.032340607855245715,0.003310714773213516,0.03565132262845923,9.76846665863877,0.0003911006497219205,14202.5478515625
2016-07-28,0.02191744629609378,0.0033212841202250563,0.025238730416318838,6.599087835550736,0.00038690422661602497,14246.666015625
2016-08-11,0.021897766833001663,0.0034039100852024176,0.02530167691820408,6.433121216945237,0.000383374048396945,14291.609375
2016-08-25,0.027073159388236043,0.0034157625047280564,0.0304889218929641,7.925948762001701,0.00038079562364146113,14328.9794921875
2016-09-08,0.020156714457387818,0.003502930226801098,0.023659644684188914,5.754243612317314,0.00037937751039862633,14349.693359375
2016-09-22,0.007332849820067657,0.003520279640995754,0.010853129461063411,2.0830304292787454,0.0003791613271459937,14346.9912109375
2016-10-06,0.0045300380208848235,0.0035365656004889743,0.008066603621373798,1.2809144250475792,0.0003800109843723476,14315.3212890625
2016-10-20,0.004438892117186822,0.00360855563707794,0.008047447754264761,1.2301021352052757,0.00038162729470059276,14251.73046875
2016-11-03,0.008407126435469117,0.0037188814007620297,0.012126007836231146,2.260659941368507,0.00038357923040166497,14161.123046875
2016-11-17,0.013301085285771917,0.003728523213646387,0.017029608499418303,3.5673869161793825,0.00038534897612407804,14061.044921875
2016-12-01,0.005627053887266305,0.0036877435386730357,0.00931479742593934,1.525879898010235,0.0003865007311105728,13975.7890625
2016-12-15,0.0061451761679484395,0.00367281758160025,0.00981799374954869,1.6731503441442215,0.0003868568455800414,13921.8896484375
2016-12-29,0.01325558742669505,0.003623112935243422,0.016878700361938472,3.6586182373425347,0.0003866096376441419,13896.6865234375
2017-01-12,0.02007586636663972,0.003675320590156118,0.023751186956795838,5.462344121537582,0.0003861980512738228,13882.5341796875
2017-01-26,0.02650855715300263,0.00366136569803793,0.03016992285104056,7.240073408455435,0.0003860365832224488,13863.2802734375
2017-02-09,0.03945265716728308,0.0037059658497737274,0.04315862301705681,10.645714963919707,0.00038630026392638683,13837.9521484375
2017-02-23,0.0241112841720792,0.0037261155553150525,0.02783739972739425,6.470889903185393,0.00038690457586199045,13820.3466796875
2017-03-09,0.029739044938161055,0.0037654744390595535,0.033504519377220605,7.89782127848049,0.0003876452101394534,13826.83984375
2017-03-23,0.01951330431885144,0.0037125560175827283,0.02322586033643417,5.256029458096567,0.00038834786391817033,13866.68359375
2017-04-06,0.003959966550782669,0.0036119686950995566,0.007571935245882226,1.0963457259529068,0.00038892636075615883,13937.162109375
2017-04-20,0.0060642102071355435,0.0036348205329878127,0.009699030740123356,1.6683657378027974,0.00038932799361646175,14027.1396484375
2017-05-04,0.00799556950007773,0.0036630964923420176,0.011658665992419747,2.1827350981661464,0.0003894384717568755,14122.5517578125
2017-05-18,0.007100598231632244,0.003585129490931911,0.010685727722564155,1.980569474975807,0.0003890118096023798,14213.265625
2017-06-01,0.017788809253952466,0.003650699611756586,0.021439508865709053,4.872712262985095,0.00038769975071772933,14296.873046875
2017-06-15,0.022764027735393245,0.003566231725407189,0.026330259460800434,6.383215912441157,0.00038517866050824523,14377.93359375
2017-06-29,0.030760261334222924,0.0036198690745858865,0.03438013040880881,8.497616861455194,0.0003813323564827442,14462.654296875
2017-07-13,0.022627850792529658,0.003532671945301182,0.02616052273783084,6.405307512942514,0.00037639786023646593,14552.986328125
2017-07-27,0.02142782742234618,0.0035259300144668483,0.024953757436813027,6.0772127429378315,0.00037097284803166986,14645.2734375
2017-08-10,0.012923643651288503,0.0034910429895410313,0.016414686640829533,3.7019433217558992,0.0003658937057480216,14732.625
2017-08-24,0.011742011605513561,0.0035301569529724384,0.015272168558486,3.3262009109840123,0.00036203645868226886,14810.7431640625
2017-09-07,0.009700815673586776,0.0035856350129879664,0.013286450686574743,2.705466498375216,0.00036011263728141785,14884.0263671875
2017-09-21,0.002651492928203469,0.0036833620051304125,0.0063348549333338815,0.7198567103979018,0.00036052073119208217,14970.078125
2017-10-05,0.003018368684108086,0.0038173386798505517,0.006835707363958637,0.7906997146913576,0.0003633168525993824,15096.6689453125
2017-10-19,0.009728062027621298,0.003943578530744387,0.013671640558365686,2.4668107164849498,0.00036827236181125045,15291.1845703125
2017-11-02,0.0050054630308712005,0.0041499035626247635,0.009155366593495964,1.2061636697622293,0.00037498967139981687,15564.2880859375
2017-11-16,0.004465596198955767,0.004239927502962887,0.008705523701918655,1.053224634268562,0.00038298178697004914,15897.1005859375
2017-11-30,0.0022639227740285876,0.004337969351558479,0.006601892125587067,0.5218853657937218,0.0003917036228813231,16244.3642578125
2017-12-14,0.005166873226543682,0.004273780697887641,0.009440653924431323,1.208970106538328,0.0004005047376267612,16560.171875
2017-12-28,0.005824728108196298,0.004351788174338081,0.010176516282534378,1.3384677151101187,0.0004085937107447535,16832.431640625
2018-01-11,0.2429779544363822,0.004039522956928685,0.2470174773933109,60.15015906880906,0.00041513884207233787,17093.162109375
2018-01-25,0.5321373726159648,0.0037450948043976314,0.5358824674203625,142.08915560220092,0.0004195113724563271,17394.130859375
2018-02-08,0.4930562532935538,0.003623408500441345,0.49667966179399514,136.07525610926066,0.00042154197581112385,17768.5234375
2018-02-22,0.3517236152437909,0.0035166089013481073,0.355240224145139,100.01783397271524,0.0004215763765387237,18209.98828125
2018-03-08,0.20319461717712067,0.003450793556873208,0.2066454107339939,58.88344461640079,0.00042031679186038673,18677.783203125
2018-03-22,0.1056076508687843,0.0033977729450322437,0.10900542381381655,31.081431711040644,0.00041851255809888244,19122.171875
2018-04-05,0.05367041319497076,0.003427290189933199,0.05709770338490396,15.659722012055433,0.0004167006118223071,19508.306640625
2018-04-19,0.029435810521819795,0.0034179819612418817,0.03285379248306168,8.612043596017195,0.00041508625145070255,19824.7109375
2018-05-03,0.013821382399860282,0.0034809774181117693,0.01730235981797205,3.9705462985459294,0.0004135768976993859,20073.58203125
2018-05-17,0.01740462173038372,0.0033952235651201496,0.02079984529550387,5.126207710315252,0.0004118926590308547,20258.080078125
2018-05-31,0.019632335746788507,0.0033618302395709435,0.02299416598635945,5.83977588508946,0.00040968635585159063,20379.921875
2018-06-14,0.02481641486142392,0.0032871374097293237,0.028103552271153243,7.54955178722274,0.0004066481487825513,20446.65625
2018-06-28,0.01552446655305483,0.003237802235342201,0.01876226878839703,4.794754263902296,0.0004026216047350317,20475.375
2018-07-12,0.004492859619097539,0.0032051813366896506,0.00769804095578719,1.4017489205658877,0.0003977296582888812,20485.427734375
2018-07-26,0.003798230640065739,0.0031677321836709516,0.006965962823736691,1.1990377658001228,0.0003924292395822704,20485.462890625
2018-08-09,0.004218071202016018,0.003169142874323954,0.007387214076339972,1.3309816679747062,0.0003874756512232125,20462.6953125
2018-08-23,0.003460066064016192,0.0031970256690610956,0.006657091733077288,1.082276563892804,0.000383758801035583,20383.837890625
2018-09-06,0.002948351393770472,0.0032019529068954026,0.006150304300665875,0.9207978341409759,0.0003820878337137401,20208.89453125
2018-09-20,0.009003887195698123,0.0032748978727837486,0.012278785068481872,2.749364184938129,0.00038298050640150905,19909.818359375
2018-10-04,0.004378770931512189,0.0033465380341276257,0.007725308965639815,1.3084479411299599,0.00038657081313431263,19480.66015625
2018-10-18,0.007638752314722319,0.0033944978318975194,0.01103325014661984,2.2503334713927097,0.0003926058125216514,18935.15234375
2018-11-01,0.012580137061893109,0.0034571299677057755,0.016037267029598883,3.6388960830280688,0.0004004735965281725,18302.603515625
2018-11-15,0.015568912241805396,0.003534473889989064,0.01910338613179446,4.4048739036989115,0.0004091977025382221,17627.703125
2018-11-29,0.01247919466245749,0.0036337238991210356,0.016112918561578527,3.4342714706664825,0.00041748385410755873,16966.634765625
2018-12-13,0.04016716323763845,0.003627376599580621,0.04379453983721907,11.073336618797374,0.0004239233094267547,16369.130859375
2018-12-27,0.02313240529731612,0.0036365049845913976,0.026768910281907518,6.36116401853328,0.0004274059901945293,15853.322265625
2019-01-10,0.0729775347777292,0.0036595123645149826,0.07663704714224417,19.941873537900726,0.00042755453614518046,15391.982421875
2019-01-24,0.27411568191864333,0.003678123427052778,0.2777938053456961,74.52595865867721,0.0004248649347573519,14930.181640625
2019-02-07,0.5436496926783567,0.0037933847307240406,0.5474430774090807,143.3151965693369,0.00042042150744237006,14430.4501953125
2019-02-21,0.6332588878265677,0.0038563126649525507,0.6371152004915203,164.21357042972096,0.00041534710908308625,13912.169921875
2019-03-07,0.6018331960996526,0.0039785252583248954,0.6058117213579775,151.27041853342527,0.0004104338586330414,13441.912109375
2019-03-21,0.5026324371590738,0.0040047791636229815,0.5066372163226968,125.5081501556618,0.00040608143899589777,13086.0419921875
2019-04-04,0.31388335768467673,0.004015778380665001,0.31789913606534176,78.16251797651414,0.00040241950773634017,12870.26953125
2019-04-18,0.13559977121048733,0.0040777121042753104,0.13967748331476265,33.253884633721,0.0003993901191279292,12775.1015625
2019-05-02,0.04519819702809822,0.0041924644641943235,0.04939066149229254,10.780817902222168,0.0003967339580412954,12757.431640625
2019-05-16,0.016925055653189226,0.004312916940517745,0.021237972593706973,3.9242710894243062,0.0003938892623409629,12779.4697265625
2019-05-30,0.008394560476088843,0.004274472877136863,0.012669033353225705,1.9638819852153344,0.0003900523006450385,12823.67578125
2019-06-13,0.004557299111196365,0.004199921907936188,0.008757221019132552,1.0850913665979693,0.00038442364893853664,12888.4091796875
2019-06-27,0.06364298440340276,0.0039604723114565685,0.06760345671485932,16.06954367850182,0.0003766224253922701,12971.9990234375
2019-07-11,0.039529489911401997,0.003827065340269542,0.043356555251671536,10.328929705633128,0.00036697316681966186,13062.306640625
2019-07-25,0.009311188598397708,0.0037834846885190345,0.013094673286916741,2.461008598911898,0.0003564823418855667,13141.248046875
2019-08-08,0.014541317838937796,0.0038820772536340862,0.018423395092571883,3.7457568498281963,0.0003466198977548629,13195.5
2019-08-22,0.024626419751916893,0.003983481269445274,0.02860990102136217,6.182135039167081,0.0003389695193618536,13220.4375
2019-09-05,0.03531403380084114,0.004147400863913467,0.0394614346647546,8.514738292272323,0.00033491256181150675,13214.095703125
2019-09-19,0.030626500811992367,0.004254413730792579,0.03488091454278495,7.198759225142606,0.00033539714058861136,13169.8076171875
2019-10-03,0.02153355131133677,0.0045146465110330655,0.026048197822369834,4.769709163661284,0.0003408004413358867,13076.333984375
2019-10-17,0.005759672596943516,0.004657539908152336,0.010417212505095853,1.2366340572194894,0.0003509452217258513,12925.939453125
2019-10-31,0.006429207180491019,0.0048419059070635255,0.011271113087554544,1.327825689121575,0.0003652277518995106,12721.265625
2019-11-14,0.005005502281511342,0.004873299299647384,0.009878801581158727,1.0271280032319632,0.0003828509070444852,12472.267578125
2019-11-28,0.002624176120157643,0.005091181303633687,0.00771535742379133,0.5154355958097883,0.0004030709678772837,12185.6181640625
2019-12-12,0.009978559434955143,0.005303652450982792,0.015282211885937935,1.8814504417537814,0.0004253768711350858,11853.70703125
2019-12-26,0.026004257040235894,0.005462611682925028,0.03146686872316092,4.760407305809231,0.0004495771136134863,11454.1396484375
2020-01-09,0.01906537856270684,0.005633095923552231,0.024698474486259073,3.384529303777821,0.00047565950080752373,10964.32421875
2020-01-23,0.02769226571410771,0.005909131966515402,0.03360139768062311,4.6863507876272195,0.0005034810164943337,10385.2333984375
2020-02-06,0.01589175814138242,0.006249114620606051,0.02214087276198847,2.5430415109808076,0.0005324199446476996,9755.087890625
2020-02-20,0.03135158957787261,0.006177746969844734,0.03752933654771734,5.074922819502964,0.000561272434424609,9138.345703125
2020-03-05,0.021428325587408308,0.00651317570511295,0.027941501292521258,3.289996497651226,0.0005885636783204973,8595.099609375
2020-03-19,0.01216051728862885,0.006848034933625418,0.01900855222225427,1.7757673885892713,0.000613131036516279,8154.37841796875
2020-04-02,0.016095205277226993,0.007251125113289353,0.023346330390516347,2.219683815103459,0.0006346863810904324,7800.98828125
2020-04-16,0.025030085799977154,0.00744263875805316,0.03247272455803031,3.3630660142664115,0.0006538077723234892,7485.2060546875
2020-04-30,0.036701450643834746,0.007701387347648076,0.04440283799148282,4.765563464157746,0.0006709245499223471,7160.392578125
2020-05-14,0.042163001615170365,0.007651018570433827,0.04981402018560419,5.510769667587238,0.00068477145396173,6830.67919921875
2020-05-28,0.0365547241421958,0.007557527380456397,0.0441122515226522,4.8368628809786705,0.0006921623717062175,6553.56298828125
2020-06-11,0.010980992842916319,0.0072987041736784775,0.018279697016594796,1.5045126410337493,0.0006898262072354555,6393.27880859375
2020-06-25,0.017653859095124187,0.0069768975331667305,0.024630756628290916,2.5303308179843986,0.0006766067817807198,6381.4326171875
2020-07-09,0.027657628147842575,0.0063351470049336075,0.03399277515277618,4.365743634635368,0.0006540476460941136,6512.43017578125
2020-07-23,0.02580877250260406,0.006358541798980188,0.032167314301584246,4.058913649172209,0.0006254009203985333,6755.986328125
2020-08-06,0.039092626846762873,0.006098213451004765,0.04519084029776764,6.410504735492877,0.0005942339776083827,7068.7685546875
2020-08-20,0.028182323344023,0.005876767528659469,0.03405909087268247,4.795548356648497,0.0005633375258184969,7406.271484375
2020-09-03,0.016212022052306242,0.0056178102457214146,0.02182983229802766,2.8858258030468216,0.0005342753720469773,7734.72802734375
2020-09-17,0.013896124180827363,0.00537422414850248,0.01927034832932984,2.585698612167049,0.0005074925720691681,8039.95166015625
2020-10-01,0.022709081983581136,0.00546005659973718,0.028169138583318314,4.159129333707146,0.00048285885713994503,8324.9892578125
2020-10-15,0.04301780352481066,0.005370108292004475,0.048387911816815135,8.010602465465993,0.0004602381377480924,8600.0537109375
2020-10-29,0.04526491202211752,0.0050810238444045095,0.05034593586652203,8.908620096538932,0.00043975221342407167,8872.8388671875
2020-11-12,0.0706211264844489,0.005027311773408923,0.07564843825785783,14.047492628811606,0.00042179887532256544,9144.5048828125
2020-11-26,0.035342893135121844,0.0050075189295321005,0.040350412064653944,7.057964817843991,0.00040682213148102164,9411.1298828125
2020-12-10,0.023475517159446763,0.005147381243960248,0.02862289840340701,4.560671842779259,0.00039509404450654984,9665.8046875
2020-12-24,0.017385662202844727,0.005210201788614266,0.022595863991458992,3.3368500059157427,0.000386600848287344,9899.3369140625
2021-01-07,0.010776097044592899,0.005160468686788435,0.015936565731381334,2.088201186718018,0.0003810574999079108,10100.583984375
2021-01-21,0.011825689952995452,0.0053329168088280645,0.017158606761823517,2.217490006907722,0.0003779820690397173,10262.2734375
2021-02-04,0.009707788638077702,0.0053338040569337886,0.01504159269501149,1.8200496966987179,0.0003767930902540684,10388.4345703125
2021-02-18,0.00577614315514946,0.005209842198043883,0.010985985353193343,1.1086982723677077,0.0003769841277971864,10496.548828125
2021-03-04,0.004892878693635334,0.005116338149827338,0.010009216843462673,0.9563243192141284,0.0003783028805628419,10608.6201171875
2021-03-18,0.004860959930830824,0.005152217141957686,0.01001317707278851,0.9434695205095441,0.0003807910834439099,10739.00390625
2021-04-01,0.004389713921660978,0.005173606521999661,0.00956332044366064,0.8484823532957946,0.000384737562853843,10888.75390625
2021-04-15,0.0044855853190204015,0.005263677798661098,0.0097492631176815,0.8521770148894148,0.0003904536715708673,11048.939453125
2021-04-29,0.004316396593687619,0.005391705421946165,0.009708102015633784,0.8005623779188877,0.00039809709414839745,11208.1650390625
2021-05-13,0.007772831134974446,0.005485900377951113,0.013258731512925559,1.4168742517686834,0.00040761695709079504,11356.7548828125
2021-05-27,0.005397069175460364,0.005457438369919543,0.010854507545379907,0.9889381630609445,0.0004188252496533096,11487.0205078125
2021-06-10,0.005211757994766293,0.005600283816072716,0.010812041810839008,0.9306238885154804,0.0004314220859669149,11594.44921875
2021-06-24,0.033989768498401615,0.005532402740982666,0.039522171239384285,6.143762389573994,0.00044494910980574787,11681.11328125
2021-07-08,0.04225691837981896,0.0055755824435487124,0.04783250082336767,7.5789243634663395,0.00045864979620091617,11757.2626953125
2021-07-22,0.017406922319275688,0.005857245931971489,0.023264168251247178,2.971861216732379,0.0004713974194601178,11838.1865234375
2021-08-05,0.013889243927152876,0.006231269362700838,0.020120513289853714,2.2289589641871816,0.0004818023880943656,11934.080078125
2021-08-19,0.011317489440864994,0.006342884026505723,0.01766037346737072,1.7842812851603782,0.0004885664093308151,12040.060546875
2021-09-02,0.011278261768135931,0.006129198615738069,0.017407460383874,1.840087471658654,0.000490885111503303,12134.6865234375
2021-09-16,0.009709037197660891,0.0059182566118472155,0.015627293809508107,1.64052315916362,0.0004886803217232227,12193.0771484375
2021-09-30,0.007747518924419964,0.00581955178177193,0.013567070706191894,1.331291323080534,0.00048258263268508017,12205.4951171875
2021-10-14,0.009714840057987556,0.005674289474579965,0.015389129532567521,1.7120804164645917,0.00047375145368278027,12183.4619140625
2021-10-28,0.007119611224123071,0.005722403202075679,0.01284201442619875,1.2441645316296712,0.0004636222729459405,12148.515625
2021-11-11,0.014431038341504485,0.005566544273481057,0.01999758261498554,2.592459050583295,0.0004536074702627957,12116.8017578125
2021-11-25,0.010149549527728579,0.005479069671447494,0.015628619199176075,1.852422026202307,0.0004447575192898512,12093.9853515625
2021-12-09,0.016328144797500162,0.005310531126390345,0.02163867592389051,3.074672589506393,0.0004376685246825218,12078.701171875
2021-12-23,0.024130440511486537,0.005178231349239243,0.02930867186072578,4.659977204192302,0.00043262241524644196,12066.53125
