date,time_symmetry,scale_symmetry,gauge_symmetry,gauge_signed,price_asymmetry
2015-01-01,0.0,13337.561864546617,6069.598073188803,5.282194427378499,38.4156494140625
2015-01-15,0.010553456448252316,28063.413592744262,21574.389920980495,14.142687948297407,28.293701171875
2015-01-29,0.016362644562385446,30480.358859589476,27541.507516997193,-267.5391820841405,95.993408203125
2015-02-12,0.02167416740159035,32560.420119620947,30078.18326688225,249.14525184154581,116.061767578125
2015-02-26,0.02621770949078279,41618.34133950481,40541.87036729491,-41.77466725939803,57.956787109375
2015-03-12,0.028401940248309766,43633.637726570705,41994.126884842524,-276.9861851530004,98.729248046875
2015-03-26,0.025713234163127346,47748.41842860512,46791.10242771542,160.69424100636388,-66.82080078125
2015-04-09,0.02755248791211206,46279.30896365973,45233.091240866735,-171.04527602112603,36.27294921875
2015-04-23,0.03634312393529771,46459.20833681333,45909.63481195825,57.39675143144996,37.232177734375
2015-05-07,0.03235577706750385,47712.359209887356,46738.604638989535,96.71098861900373,-22.02978515625
2015-05-21,0.02701500059861093,46188.280047511806,43266.61732676555,338.1007190400778,131.634521484375
2015-06-04,0.03365609140010041,46301.01921739638,43902.75815870348,-368.8805800578357,202.744873046875
2015-06-18,0.03642834468710542,45366.713627703066,40159.50455472834,27.92347370901234,98.5224609375
2015-07-02,0.035415524023310635,47075.93627136086,42706.32490095346,-36.27108430909357,-29.879150390625
2015-07-16,0.032615490171024275,47724.1655080449,44685.84679441374,-474.93645355633,3.77587890625
2015-07-30,0.03639779936667524,50105.32299869125,48727.061828712416,-511.5816628234079,-42.2314453125
2015-08-13,0.03629720022755144,53852.846646714264,53842.58946821804,-249.01679699029864,12.4881591796875
2015-08-27,0.038684370537010994,54963.041983992895,55962.13197125877,-297.97939246624446,-159.9375
2015-09-10,0.039604147767092375,54156.03014882153,53029.196712534584,-65.4623768265742,40.39892578125
2015-09-24,0.03863155680670416,52398.49572172812,50388.29221536778,164.29651812826114,32.0709228515625
2015-10-08,0.0334417446113321,51878.012322131784,51061.58710999368,-308.3892188267391,32.1805419921875
2015-10-22,0.034922935389886986,52059.27230818418,50477.28459800507,-454.99652334523876,48.291015625
2015-11-05,0.03235155103635253,50643.0038446749,49868.157884638924,352.2593663297607,-43.5413818359375
2015-11-19,0.028758362743484655,50014.79355206988,50633.07499615132,325.21867551424396,45.8277587890625
2015-12-03,0.02831582286667859,47289.10246212983,46993.7781808663,124.71354726189634,93.08251953125
2015-12-17,0.03308310464720959,53764.92929375004,54029.22823645659,303.071395815032,22.6259765625
2015-12-31,0.02940215478134231,60477.17408823979,57541.0733733924,178.7097173388529,294.46630859375
2016-01-14,0.03832863916937067,60207.8288432002,57422.6194461782,-420.2177867133405,298.009765625
2016-01-28,0.04487713390914311,64013.198476822,60789.144942704006,-368.7550014613844,141.65625
2016-02-11,0.048561884124650886,63905.28100126445,61053.96669234945,135.67093942520114,-46.610107421875
2016-02-25,0.049425741819692975,61133.34950714917,59141.93880521719,544.1732710917045,-55.12646484375
2016-03-10,0.05332562316862024,57497.42442349462,56048.45057832316,166.65965790477185,-107.160400390625
2016-03-24,0.04757700181165768,53705.85791687171,52535.90984269115,-140.5968714074943,-138.208251953125
2016-04-07,0.038238940190393964,53569.75708653508,54524.87607596517,968.3831774979178,26.895263671875
2016-04-21,0.033707474435245445,49591.73264775394,51366.65920805004,835.3422989433102,35.240966796875
2016-05-05,0.029170895726364953,45939.64407723178,46783.580853001346,844.1960852067828,-70.5
2016-05-19,0.031438098049123786,43681.44676587131,43222.27431253796,292.44564080838063,-4.55322265625
2016-06-02,0.03377998548959294,46147.326814276596,45921.25130513481,968.0264084690696,-28.86083984375
2016-06-16,0.035758281281863036,45901.41641678529,44645.3228621563,231.76522271902422,49.231201171875
2016-06-30,0.03533539635909822,48753.42003537077,48618.07865353679,87.04266999868469,93.8896484375
2016-07-14,0.041546668577643844,47365.2544046649,47575.98071750655,-98.66080186494855,-49.737060546875
2016-07-28,0.038064351181541875,45465.85043326016,46086.08500991344,-13.289115283705087,-6.4453125
2016-08-11,0.036777894368052684,45009.494521871886,46743.66912242185,-482.6469240516444,36.119873046875
2016-08-25,0.03766761542393307,43220.41808592675,44501.61198868079,62.57649776142625,-53.77880859375
2016-09-08,0.03549682447996448,44075.223252961536,43757.31686233766,739.0562513375858,56.452880859375
2016-09-22,0.03213677683432003,44090.13456231444,44358.78710802645,-37.88669203781865,56.007568359375
2016-10-06,0.03018089435707428,45405.28216504881,45857.00822070721,208.1363280072528,51.1959228515625
2016-10-20,0.03365720655603961,43802.19954632147,45394.52264510967,116.93797191442718,-50.082763671875
2016-11-03,0.034710057798036105,43304.02119750992,42877.29827515536,454.61320224342626,31.548583984375
2016-11-17,0.029309152842771566,47195.74088738512,48384.852167688165,469.61943430495467,167.67822265625
2016-12-01,0.02637932434130743,51490.314071868874,54226.71001397993,750.0176339848267,8.112548828125
2016-12-15,0.03266269778041365,54974.16315836244,58140.42964163583,1089.0938059942464,4.2100830078125
2016-12-29,0.03320509744474971,53050.6878974179,54176.506690045106,313.61227196549953,60.5223388671875
2017-01-12,0.03558292089897989,56830.84855717512,59136.51447455951,539.0241943274184,65.741943359375
2017-01-26,0.04581937844934571,53975.36201136238,55345.02685463476,288.0379235250466,69.137451171875
2017-02-09,0.04682367936863682,54789.37310740336,58364.117303880914,332.9668187298678,19.0438232421875
2017-02-23,0.04257692040482285,52138.34577123457,55158.06494956475,25.090589165728034,54.654052734375
2017-03-09,0.03986636285613539,51955.608417142656,56088.41131949329,-138.92450723400475,9.689453125
2017-03-23,0.03275403600692527,52884.12954327959,59474.5386402751,127.45203747507048,-80.3553466796875
2017-04-06,0.03349721689282557,51988.359380683876,56707.823779820996,159.6290866415195,-139.461669921875
2017-04-20,0.03456607697743265,49278.57003999392,54027.61977668357,-676.3895635185818,-183.7412109375
2017-05-04,0.037270282070233106,46415.4315900314,49745.31432126782,-193.60891237027954,-23.1165771484375
2017-05-18,0.03289637371777171,48498.02397175486,52873.993435511744,-646.6520659080484,63.325439453125
2017-06-01,0.031217026846044993,53441.41938704752,58570.75384807111,-132.38043999750403,87.409423828125
2017-06-15,0.03491804282957572,50888.49556262055,58620.72157798313,285.4535603428651,7.204345703125
2017-06-29,0.04090811831874366,49928.68373044028,58330.51817405791,189.96448298455834,115.8717041015625
2017-07-13,0.04173180842604768,54174.98814206495,62449.25524604857,-525.6503269600985,101.7471923828125
2017-07-27,0.03998938311682536,60197.99363388277,69420.29468803243,456.3531911452467,158.469970703125
2017-08-10,0.03642397751698736,59775.71971153504,67465.82926365561,-208.8420358946073,63.62890625
2017-08-24,0.03424177849885505,59909.39833888867,67500.28024367962,-66.87773399159414,-23.7481689453125
2017-09-07,0.032302156054459026,57830.68175914345,64922.31556079737,-617.8505949519345,-48.8201904296875
2017-09-21,0.036227755931909626,55649.82553814416,62142.658239961,555.2530432478502,-1.27099609375
2017-10-05,0.03476900706144217,60073.55127524287,67349.31008136559,-398.1936940020646,42.1514892578125
2017-10-19,0.03568657433087806,57572.46018446851,67239.85868996926,465.5345874288564,-84.05615234375
2017-11-02,0.03636560049833688,55662.25786380392,67731.01396436302,432.89811822299066,-34.10546875
2017-11-16,0.03192816853573334,54874.96951394126,65920.12823376643,-876.2557934893957,1.5560302734375
2017-11-30,0.030660585105095096,58154.46090689665,65456.15345547749,168.01295165160082,-2.5545654296875
2017-12-14,0.03505483393785141,57468.582129796574,63773.07192283175,125.39623278174258,60.3173828125
2017-12-28,0.03340833583954994,59867.076032537625,65104.009256273435,-269.028847272702,-27.681396484375
2018-01-11,0.07452543600419916,62510.24338240711,69160.06549244205,559.7931540285504,71.9541015625
2018-01-25,0.11530320853553104,57957.05530745929,63898.62249592157,-294.51950003754337,165.9080810546875
2018-02-08,0.11090788328603172,55440.45245260167,59519.7669872212,113.97487176093227,-72.561279296875
2018-02-22,0.09657057446493623,50526.94225629981,53039.41187349117,-414.51056866607314,-370.990234375
2018-03-08,0.07998287730210128,46841.34305400608,47911.426633912204,-214.96015879198558,-188.982421875
2018-03-22,0.05758208521055431,47050.122975606544,50595.607895352165,-646.3019685205277,-103.4869384765625
2018-04-05,0.04558797837746262,46477.59000874177,49054.6525578432,340.83871289043645,-212.017578125
2018-04-19,0.03811631070891745,44395.81500149779,45658.24669696146,-829.8931776692834,-124.288818359375
2018-05-03,0.032390250072740524,44157.94907889511,44624.51802242124,102.30908415690419,-188.61328125
2018-05-17,0.026450444117154404,43923.81338534203,43115.91060638847,-45.67933212081698,-138.58251953125
2018-05-31,0.02935915759674756,42423.51774141864,40474.3562601443,-51.56645744069829,-9.16064453125
2018-06-14,0.03287975879183001,44504.8631213533,45403.292637546365,-163.71334255307875,-24.37451171875
2018-06-28,0.0382442140916534,44651.86250576147,47136.041300267985,-383.0816406970266,-129.536865234375
2018-07-12,0.03296502131364257,44933.07231237148,50066.52143736396,546.1055991011399,-150.02734375
2018-07-26,0.02763370012258781,43485.35076467697,47575.13482733904,-174.4017016522639,69.3232421875
2018-08-09,0.03362882908300015,43438.8741425843,46369.429017932096,-3.031202873293296,97.168212890625
2018-08-23,0.029700768976416755,42096.75962274376,44153.88113669389,286.3078517972722,56.078857421875
2018-09-06,0.030422965239904766,39795.20855473555,42934.22194690627,206.54672783786646,-61.491943359375
2018-09-20,0.0343224915889791,39688.271148982036,41701.71482507522,340.3345073493879,-64.416015625
2018-10-04,0.03279194841428961,40764.511416237234,41799.822676100244,327.30378206352407,-61.84228515625
2018-10-18,0.03549124326316577,39761.67502343715,39264.10738016921,262.3676085620941,-102.861572265625
2018-11-01,0.03814691402588655,39134.76397039094,37477.50367961504,162.01778377380924,-141.218994140625
2018-11-15,0.03779865612196074,40711.92045935799,36990.373472853484,614.6653199034586,-102.00146484375
2018-11-29,0.03460403174655423,39580.134797311846,36107.04988004532,187.42584885689985,-236.16552734375
2018-12-13,0.038078956571141506,39750.97119075703,37296.7695886807,252.2248043928439,-114.22998046875
2018-12-27,0.035571377376310984,43643.240575163676,40001.00213150758,99.2327602541477,-178.07763671875
2019-01-10,0.04531432468213166,48818.810313295646,46820.22340466491,101.60803724551033,-153.383544921875
2019-01-24,0.07854618621537197,51140.17505559603,50808.700138052634,426.8757164684157,-157.866455078125
2019-02-07,0.1124866584025771,56001.45695299786,56480.01572151893,225.96526119481268,-148.49267578125
2019-02-21,0.12198252323380616,54145.88794585467,55964.46759104617,772.7491255970467,-97.1982421875
2019-03-07,0.12179868101596716,54038.30036956332,55814.12378423949,-101.66332224875396,90.1728515625
2019-03-21,0.10583288522562669,54801.97097502574,56789.90740749228,-149.4053185846533,183.215576171875
2019-04-04,0.08098850923451673,53520.60261497556,54175.472452911126,-60.55442031499706,176.977294921875
2019-04-18,0.06096603177092236,54745.450693867235,53953.88098965486,-590.4801862755412,21.262939453125
2019-05-02,0.046761899935427564,54699.841115659554,52911.16709038915,-144.04345021574136,23.015380859375
2019-05-16,0.03867466186180883,53713.43922760459,53405.682823103925,13.368838241853155,57.56201171875
2019-05-30,0.034245920765452104,52175.361605026985,51332.3621013949,-380.85174544995107,-17.7791748046875
2019-06-13,0.03410351990402498,52447.9973448986,54773.93030742988,-27.431600960865126,-33.471923828125
2019-06-27,0.04495750283188436,56431.024595581854,60637.78697748762,680.1582997414394,-234.65185546875
2019-07-11,0.04312832218787141,53936.32884904785,58925.360503162316,-32.271857406422896,-143.352294921875
2019-07-25,0.03011098486937498,51077.94187724954,56816.61552477796,204.68754213315412,-54.7401123046875
2019-08-08,0.03806448702155713,51744.056277072,55731.62210322468,-88.25274362907999,66.34521484375
2019-08-22,0.04430337459284171,56831.16104872167,58051.143527176464,212.16240437789997,56.1915283203125
2019-09-05,0.045917894182178655,54793.26780320029,57081.04859875412,370.03707054611573,-92.2572021484375
2019-09-19,0.04287743853418664,51489.50452044945,56528.42557197264,9.998859779732129,-130.21728515625
2019-10-03,0.03986060054222773,49894.78132344237,56176.67470467579,-801.0274616433422,-5.711669921875
2019-10-17,0.038257884638015174,51179.89592664405,59606.08959308153,-429.6674454161805,158.64202880859375
2019-10-31,0.03122695488602261,54802.07425894568,61739.3255948927,77.72449767609612,103.9578857421875
2019-11-14,0.030268070866984315,52985.03798245797,58561.99897147935,677.7626497259126,-156.5782470703125
2019-11-28,0.02780789220271849,52803.88674620958,59321.21647165295,448.994980909671,-171.7159423828125
2019-12-12,0.02736345555222943,55048.97361762627,59889.89726015371,-391.5137282234281,-148.2685546875
2019-12-26,0.03597761073555117,56240.26766260329,59519.66067242826,184.0225780445997,58.2379150390625
2020-01-09,0.03519747438809848,58866.267012364886,63387.63677870278,-1584.4813498526073,355.8306884765625
2020-01-23,0.04968728707721356,59434.06965439633,65364.18270457693,-1417.0981578238554,432.053955078125
2020-02-06,0.04443345475800904,59882.696056055356,64330.86150738792,-1159.6674244290316,482.1446533203125
2020-02-20,0.05008924702206309,59192.22459935915,64916.8935080702,-1138.939659056363,341.6573486328125
2020-03-05,0.05176224965002016,59862.299194892985,68592.94132830005,-1047.580822743064,336.472900390625
2020-03-19,0.046994186747954546,59432.10188277905,68835.69791866661,148.94202867696413,290.3287353515625
2020-04-02,0.05297255624515627,58225.03124038424,68023.7862371532,-69.53411556482752,175.274169921875
2020-04-16,0.06305339999360851,57678.978447804475,69828.42264766817,-733.2506493672026,293.736572265625
2020-04-30,0.07059259716008764,54903.72391477904,67020.7210795177,-1383.4478798022606,162.470947265625
2020-05-14,0.06367481392121178,54199.56929390659,65774.27577942,-1227.6417496042882,81.2421875
2020-05-28,0.06002789767356603,51511.53318508783,64225.98260646949,-578.656146790162,105.8092041015625
2020-06-11,0.049240378504676045,49349.20696641389,61361.93901220144,72.87110380310332,-12.1954345703125
2020-06-25,0.051572851797734215,46618.49948901085,56040.28310497709,-8.742713830184584,-23.432861328125
2020-07-09,0.051076062553276874,46377.55622264476,60663.34438787332,-79.41247917055489,-42.870361328125
2020-07-23,0.04592144293217334,46847.41646704894,57843.02459802285,-346.09622202999617,52.1458740234375
2020-08-06,0.04692692580537382,46309.57808490388,56369.80194409028,82.84122169534612,-23.3486328125
2020-08-20,0.0450702314384905,46219.27693294028,53434.61873758951,-341.769841565761,-42.4140625
2020-09-03,0.03739894362250776,46914.12304128728,54626.12023158524,-280.4956704974113,19.4410400390625
2020-09-17,0.043207467691505796,46587.832541551266,52331.14469132702,38.65018382518747,-44.0467529296875
2020-10-01,0.043723054721482184,49040.80063108177,56894.67648960197,-145.56081191944804,-128.0338134765625
2020-10-15,0.04891379598438855,49538.204678661765,59709.058906050326,527.5609038492264,-305.9532470703125
2020-10-29,0.052171808464862864,50071.087943063365,58795.96917164535,363.8321445318777,-211.591796875
2020-11-12,0.05384536888601368,49891.88021682721,60106.63480237765,155.0559289502237,-196.03125
2020-11-26,0.044646865442206404,47303.01443939698,55606.51324289445,600.2990215954555,-130.792236328125
2020-12-10,0.04070211368450632,45731.98339167699,54358.17855003359,-179.37823956095122,-165.380615234375
2020-12-24,0.040008091579095406,45758.012198497876,52416.52937640603,342.1147480848758,-130.9302978515625
2021-01-07,0.03781767662774159,48881.88131649914,54456.380076013695,235.55008892542446,1.1453857421875
2021-01-21,0.0424104842865381,48533.5078135899,53628.76675280012,-153.8855951336734,26.2646484375
2021-02-04,0.034473002125742086,50978.42160834912,57945.60398085193,-457.61959077581605,-81.0396728515625
2021-02-18,0.03648878443946399,48730.464188353566,55744.909445968675,-107.96503603081214,-95.8406982421875
2021-03-04,0.035625522780358805,49030.04281252703,58111.253507213965,942.2596536368094,-88.4345703125
2021-03-18,0.03633805575303506,47323.61557013872,55168.94983340826,36.20396898945273,26.3743896484375
2021-04-01,0.03297511936590038,50266.15339088537,57855.027105863526,-203.92650634716802,10.140380859375
2021-04-15,0.03361554416111158,50487.559623071844,57842.04747939533,-895.243094769739,-31.902587890625
2021-04-29,0.03441375440718395,51482.50110170759,57494.79510133948,-3.511436149630754,-11.251220703125
2021-05-13,0.036140520530091896,50714.26263402251,54104.87428016105,17.32992316343325,-53.8017578125
2021-05-27,0.033611440417377084,48787.986122304486,53887.05744502275,325.116203795272,81.8531494140625
2021-06-10,0.031646470398046786,45302.13899434759,49666.52146947783,425.15143513518547,-57.6793212890625
2021-06-24,0.03897342077745022,48638.99633425788,52558.19292134637,412.5509256841865,-14.993896484375
2021-07-08,0.03997828239652933,48343.78979400334,53016.79731284815,272.63724663326366,1.66259765625
2021-07-22,0.03580671827176605,48407.87963203689,52446.46751870414,-200.84222723499875,39.2635498046875
2021-08-05,0.039213702990162504,48247.44518101201,51666.08170643631,413.33321343438877,-56.3992919921875
2021-08-19,0.038978835292800336,49740.497792429014,56140.46539944478,-274.22352338282974,23.8831787109375
2021-09-02,0.034097104039870076,54426.010347961375,67063.8588520367,-763.7644932447458,24.86846923828125
2021-09-16,0.03371264183441722,52461.992692464366,67490.9378556225,-174.21586703544494,54.302001953125
2021-09-30,0.03350103317862224,50785.721055971546,66049.35274202336,909.4020969745873,-125.70849609375
2021-10-14,0.03207359764442996,50262.55839865509,61826.76979899946,1242.533650970524,-74.306640625
2021-10-28,0.03361021909705287,51477.196844101505,61509.18154492465,599.5009026493478,27.763427734375
2021-11-11,0.037507782173914206,52590.81506054007,58171.16983500483,395.15255287390937,-43.9847412109375
2021-11-25,0.0344195287818619,53395.549558765284,57693.676233572034,64.14145607905812,6.4049072265625
2021-12-09,0.04538304591402048,55588.29715363933,58294.66785024505,-351.7049318953873,186.5252685546875
2021-12-23,0.04510898913311767,56237.67983875044,58920.73651387215,154.9391464639907,60.88232421875
2022-01-06,0.04343043041892068,54465.42826025048,56626.97381903547,-74.5401467590018,-0.283447265625
2022-01-20,0.0351968895245523,54598.96944601967,55093.6790278409,-89.46468392880979,-117.6064453125
2022-02-03,0.030213939129801873,53676.53268144761,54033.399144884665,-137.46802523130373,-143.019775390625
2022-02-17,0.029312017876873292,52917.861093503656,54171.39422557369,619.6260675586436,-206.5841064453125
2022-03-03,0.03047081066607355,56950.29430541947,58071.484395335756,279.5421543089251,138.197998046875
2022-03-17,0.0320570561485859,53874.8930517071,55835.82412283367,21.77505357218115,102.812255859375
2022-03-31,0.030181363339605943,53131.009794017096,58116.149823164094,-45.62218302951942,4.6470947265625
2022-04-14,0.03213556368997798,52189.79404336157,56339.25472455287,623.0228459209222,-123.87548828125
2022-04-28,0.037150709527054675,56766.29818434856,64431.50097664476,217.9581837293249,-188.31494140625
2022-05-12,0.03934496859240558,59678.01244875204,64283.078529348095,-303.2661649802658,39.3983154296875
2022-05-26,0.03584429012405271,59877.99778304808,67162.48569296407,-79.46846166842124,-39.478515625
2022-06-09,0.03048560620189005,59047.5855507228,65704.56513398634,364.0970814312436,-4.6314697265625
2022-06-23,0.029984931954854285,59280.57789204635,67154.82446666464,574.0233286793984,-238.3623046875
2022-07-07,0.03449742017010733,59713.575232473246,66005.03277762496,113.73519490881108,-56.1368408203125
2022-07-21,0.033234495449990395,59322.94455759275,64164.431740629625,-188.43382914302174,9.4703369140625
2022-08-04,0.03237032011606956,57914.9343736275,61696.94823021491,-120.64487013918801,43.3411865234375
2022-08-18,0.033437736858441224,55600.95530846808,59873.65481735555,68.31217778033465,-25.0528564453125
2022-09-01,0.03460607368694733,56888.09146289919,62196.2726071965,-343.77808277205895,-5.06396484375
2022-09-15,0.044881806343939734,53493.91787330746,58631.73955893029,711.75148073734,-44.702880859375
2022-09-29,0.039245696254198034,54396.50092339209,62396.5345019548,-59.45676033650261,-11.177734375
2022-10-13,0.03740628411935144,54644.850303656,64679.44964466589,-169.47349261969475,19.291748046875
2022-10-27,0.047210774439673274,53885.15918963224,63021.97895548105,-169.6581500334171,-67.77294921875
2022-11-10,0.04837385437163012,56143.11369658404,67191.38342918598,-222.64259013025048,30.289306640625
2022-11-24,0.043552160380318006,59415.7637620944,72588.41225597385,20.04951050227828,-29.6202392578125
2022-12-08,0.04489666147040078,59061.67200939905,73394.03146957775,46.58577598904185,58.162353515625
2022-12-22,0.0400460340928515,57712.00503460658,73251.10588697679,-1081.786085243511,24.1387939453125
2023-01-05,0.03782712522172022,57504.56575089082,71457.7446911185,476.817445531909,35.4588623046875
2023-01-19,0.033510735911401114,57373.482315730864,68734.43358978025,-440.8731266764994,95.1845703125
2023-02-02,0.03796722835817745,59610.61566853711,71334.93037366547,-535.3522927603115,34.4832763671875
2023-02-16,0.044841914868158,59753.80470875425,69790.91137318619,387.9708683264312,-35.3487548828125
2023-03-02,0.045613155915588136,57752.39114178615,67255.12829360794,261.16584974410034,27.51611328125
2023-03-16,0.04699858318881911,58653.75264323915,65570.37909251366,-479.2208476546655,-82.0408935546875
2023-03-30,0.04570030692719593,54758.59737689754,61635.6175203477,-405.3141258491114,-57.4276123046875
2023-04-13,0.05319450813188408,55506.08013004821,61940.36836732963,303.21867080245147,-72.9345703125
2023-04-27,0.044581511865468916,55607.60533453674,59382.690191887596,114.68607621926935,16.779052734375
2023-05-11,0.038742646296383396,54903.22936423632,58676.96944759763,-278.24497511942855,18.9508056640625
2023-05-25,0.029630124707083157,57026.70043696946,59679.45191604622,-168.46701802926827,-25.2542724609375
2023-06-08,0.030824999443397123,58484.468968086556,59464.45990227816,420.47344491602826,-25.1533203125
2023-06-22,0.038366347255971954,61181.20582942667,62819.69964860949,147.65850191995082,-62.4765625
2023-07-06,0.04443572253327855,58372.01298674142,62434.73493826663,103.92697611996937,142.866455078125
2023-07-20,0.04310958693422308,57658.527054905484,61988.68480258803,-121.31160742931888,74.5655517578125
2023-08-03,0.03536174410388716,60073.83222391071,64779.37237131663,454.7572684002798,-41.197021484375
2023-08-17,0.03605781060560894,58561.15122293531,65844.10280912342,-7.031261284594166,10.9185791015625
2023-08-31,0.03491776901990379,57294.43704279614,62554.99916938691,156.45606443145311,-44.4571533203125
2023-09-14,0.03548698197984536,55220.670477329426,60667.051047759895,190.92208024442652,-58.6751708984375
2023-09-28,0.03381282950090696,55015.44648524749,59852.37154444064,-154.84072952282986,60.6988525390625
2023-10-12,0.03214638664578479,53069.393600895244,60019.84992682442,-166.86515992773093,39.2532958984375
2023-10-26,0.03037184262334789,50132.45032249327,56806.65966113322,-188.38317897046136,48.8387451171875
2023-11-09,0.03364460523463786,48762.46132603228,55646.37517552953,-366.57991370461104,30.568359375
2023-11-23,0.0342869671737674,48798.50937960163,53382.57473879222,59.35842683075316,99.739013671875
2023-12-07,0.038369765690963675,50200.22715956285,54648.53146764456,9.397661068675916,21.8895263671875
2023-12-21,0.03524102305123004,47949.16786543655,51244.52785317863,19.540675151051573,65.48486328125
2024-01-04,0.033488146995718907,50970.222803248354,56343.75704248183,-89.98521372476898,93.1226806640625
2024-01-18,0.03464057669729577,49252.3260676623,54832.489749816225,-582.7757763452373,-7.7147216796875
2024-02-01,0.03494609780275294,49520.92032007281,55868.364078367675,-201.7442009575807,2.657958984375
2024-02-15,0.035636985555738424,49120.596172284975,57293.27886682766,-456.9151941586524,58.295654296875
2024-02-29,0.03582049976592769,48732.897219871615,57123.72096361905,-320.7722909902086,27.580078125
2024-03-14,0.04011251118383751,52547.44804645229,66101.46565993688,61.50231541536232,12.5106201171875
2024-03-28,0.0365323603906899,52979.16404911716,63596.628635111076,-30.274738921204516,31.0284423828125
2024-04-11,0.03187506999949969,54655.116329760625,66907.58503587851,157.01936439995256,36.315185546875
2024-04-25,0.03449072343597755,53960.20205140802,66181.96640175009,491.41900086237115,-115.8319091796875
2024-05-09,0.027468602369890273,52364.07492023376,65381.19095605491,-219.49228559379367,16.012939453125
2024-05-23,0.03492513323394027,51570.23525024968,63720.58161470719,-422.15283771944496,0.82568359375
2024-06-06,0.03712932083643214,50834.61251993382,61812.0981394579,-99.04450289933425,-15.6419677734375
2024-06-20,0.0422765279655803,50636.63163694104,60058.64328824806,90.44713273378102,-24.49609375
2024-07-04,0.054684681342695926,48928.60901938156,56757.91049719055,291.79203458282586,-146.459716796875
2024-07-18,0.05187921636982564,50521.672037909535,55765.805517323024,-380.1396761734866,-7.435302734375
2024-08-01,0.045002581591398465,48919.48734461797,55749.06453262198,114.959476808006,-37.4698486328125
2024-08-15,0.035907263068566876,49285.7755882554,55196.67112769666,-65.87931507261442,-5.640869140625
2024-08-29,0.032107267689217824,49031.169593748506,57551.56455328775,-451.6795541098652,77.3258056640625
2024-09-12,0.033786241720236115,49992.76320278115,56367.74027895303,263.2517980125017,61.7305908203125
2024-09-26,0.03978485946680211,50134.22494630265,54523.619737583766,21.180051503326013,13.1591796875
2024-10-10,0.03373147857264889,52502.72527819312,55632.249149587195,-13.002403334926157,12.3304443359375
2024-10-24,0.031394909232074816,53733.99460630622,55924.83004005669,393.36305166659304,-79.85107421875
2024-11-07,0.03371240349828104,55291.58059650978,57975.01002811596,-82.58127431864705,15.167236328125
2024-11-21,0.03547904957226469,55862.94752236915,58736.70941511345,107.12561661588734,9.4439697265625
2024-12-05,0.033325894156708405,55220.16351573299,58543.16249788238,36.35080817975995,-47.8187255859375
2024-12-19,0.04218562773328132,53589.85286090559,56820.309748095315,164.1692164113142,8.34130859375
